{
  "accuracy": 0.9988628017721339,
  "precision_pos": 0.999254866652178,
  "recall_pos": 0.999254866652178,
  "f1_pos": 0.999254866652178,
  "precision_neg": 0.9976,
  "recall_neg": 0.9976,
  "f1_neg": 0.9976,
  "confusion_matrix": [
    [
      9976,
      24
    ],
    [
      24,
      32185
    ]
  ],
  "roc_auc": 0.9999741081685243,
  "pr_auc": 0.9999928495336515
}