{
  "accuracy": 0.9897415243194579,
  "macro_f1": 0.9681375584739653,
  "weighted_f1": 0.9897951026999384,
  "confusion_matrix": [
    [
      3997,
      0,
      1,
      2,
      0,
      0,
      0,
      0,
      0,
      0
    ],
    [
      0,
      3934,
      4,
      26,
      0,
      1,
      4,
      0,
      0,
      31
    ],
    [
      0,
      4,
      3929,
      2,
      27,
      0,
      4,
      0,
      31,
      3
    ],
    [
      0,
      33,
      6,
      3881,
      5,
      0,
      2,
      0,
      14,
      59
    ],
    [
      0,
      1,
      17,
      7,
      171,
      1,
      8,
      0,
      2,
      2
    ],
    [
      0,
      0,
      0,
      0,
      0,
      10000,
      0,
      0,
      0,
      0
    ],
    [
      0,
      0,
      5,
      0,
      16,
      0,
      3972,
      0,
      3,
      4
    ],
    [
      0,
      4,
      0,
      0,
      0,
      0,
      0,
      3996,
      0,
      0
    ],
    [
      0,
      0,
      21,
      4,
      12,
      0,
      2,
      0,
      3961,
      0
    ],
    [
      0,
      15,
      0,
      50,
      0,
      0,
      0,
      0,
      0,
      3935
    ]
  ],
  "roc_auc_micro": 0.9996413134242761,
  "roc_auc_macro": 0.9994970972252292,
  "pr_auc_micro": 0.9987446204974562,
  "pr_auc_macro": 0.9823614959605719
}