{
  "accuracy": 0.9901679736549077,
  "macro_f1": 0.9679658724401596,
  "weighted_f1": 0.9902458061475541,
  "confusion_matrix": [
    [
      3997,
      0,
      0,
      3,
      0,
      0,
      0,
      0,
      0,
      0
    ],
    [
      0,
      3942,
      2,
      14,
      0,
      0,
      1,
      0,
      0,
      41
    ],
    [
      0,
      7,
      3930,
      0,
      25,
      0,
      5,
      0,
      32,
      1
    ],
    [
      0,
      29,
      3,
      3874,
      6,
      0,
      3,
      0,
      16,
      69
    ],
    [
      0,
      0,
      20,
      6,
      173,
      0,
      8,
      0,
      2,
      0
    ],
    [
      0,
      0,
      0,
      0,
      0,
      10000,
      0,
      0,
      0,
      0
    ],
    [
      0,
      0,
      4,
      0,
      24,
      0,
      3966,
      0,
      3,
      3
    ],
    [
      0,
      4,
      0,
      0,
      0,
      0,
      0,
      3996,
      0,
      0
    ],
    [
      0,
      0,
      24,
      1,
      12,
      0,
      5,
      0,
      3958,
      0
    ],
    [
      0,
      9,
      1,
      32,
      0,
      0,
      0,
      0,
      0,
      3958
    ]
  ],
  "roc_auc_micro": 0.9999560297780873,
  "roc_auc_macro": 0.9998462343559501,
  "pr_auc_micro": 0.9996339036151557,
  "pr_auc_macro": 0.9869452788148176
}