{
  "accuracy": 0.8720415077353171,
  "precision_pos": 0.9322197858893332,
  "recall_pos": 0.8975752118972958,
  "f1_pos": 0.9145695259486563,
  "precision_neg": 0.7053675091542377,
  "recall_neg": 0.7898,
  "f1_neg": 0.7451997924234561,
  "confusion_matrix": [
    [
      7898,
      2102
    ],
    [
      3299,
      28910
    ]
  ],
  "roc_auc": 0.9212547564345369,
  "pr_auc": 0.9705978196288281
}