{
  "accuracy": 0.9989101850316283,
  "precision_pos": 0.999068987989945,
  "recall_pos": 0.9995032444347853,
  "f1_pos": 0.9992860690340204,
  "precision_neg": 0.9983977568596034,
  "recall_neg": 0.997,
  "f1_neg": 0.9976983888722105,
  "confusion_matrix": [
    [
      9970,
      30
    ],
    [
      16,
      32193
    ]
  ],
  "roc_auc": 0.9999940187525225,
  "pr_auc": 0.999998124456979
}