{
  "accuracy": 0.3233196711601791,
  "macro_f1": 0.2589511810492878,
  "weighted_f1": 0.28834138042484125,
  "confusion_matrix": [
    [
      0,
      0,
      4,
      2,
      0,
      0,
      0,
      0,
      2008,
      1986
    ],
    [
      0,
      39,
      0,
      55,
      153,
      0,
      37,
      0,
      0,
      3716
    ],
    [
      0,
      0,
      0,
      7,
      892,
      2771,
      12,
      0,
      0,
      318
    ],
    [
      0,
      158,
      0,
      2694,
      134,
      0,
      405,
      0,
      1,
      608
    ],
    [
      0,
      1,
      0,
      36,
      56,
      0,
      29,
      1,
      2,
      84
    ],
    [
      27,
      27,
      3,
      111,
      48,
      2564,
      180,
      1083,
      1320,
      4637
    ],
    [
      0,
      0,
      0,
      1104,
      20,
      0,
      1535,
      0,
      0,
      1341
    ],
    [
      0,
      0,
      0,
      0,
      15,
      24,
      0,
      576,
      659,
      2726
    ],
    [
      0,
      0,
      0,
      1,
      3,
      0,
      3,
      64,
      3216,
      713
    ],
    [
      0,
      183,
      0,
      70,
      698,
      1,
      81,
      0,
      0,
      2967
    ]
  ],
  "roc_auc_micro": 0.7486039584419725,
  "roc_auc_macro": 0.7971080686941256,
  "pr_auc_micro": 0.29951854022023505,
  "pr_auc_macro": 0.3698108566168515
}