{
  "accuracy": 0.9992655594778365,
  "precision_pos": 0.9996583850931677,
  "recall_pos": 0.9993790555434816,
  "f1_pos": 0.9995187008026829,
  "precision_neg": 0.9980017983814566,
  "recall_neg": 0.9989,
  "f1_neg": 0.9984506971862662,
  "confusion_matrix": [
    [
      9989,
      11
    ],
    [
      20,
      32189
    ]
  ],
  "roc_auc": 0.9999795398801576,
  "pr_auc": 0.9999944628319595
}