{
  "accuracy": 0.990310123433391,
  "macro_f1": 0.9693735096727499,
  "weighted_f1": 0.9904168105729294,
  "confusion_matrix": [
    [
      3997,
      0,
      1,
      1,
      1,
      0,
      0,
      0,
      0,
      0
    ],
    [
      0,
      3950,
      2,
      16,
      1,
      0,
      2,
      0,
      0,
      29
    ],
    [
      0,
      3,
      3936,
      3,
      25,
      0,
      4,
      0,
      28,
      1
    ],
    [
      0,
      25,
      4,
      3877,
      4,
      0,
      3,
      0,
      13,
      74
    ],
    [
      0,
      1,
      12,
      8,
      181,
      0,
      6,
      0,
      1,
      0
    ],
    [
      0,
      0,
      0,
      0,
      0,
      10000,
      0,
      0,
      0,
      0
    ],
    [
      0,
      0,
      4,
      0,
      27,
      0,
      3966,
      0,
      0,
      3
    ],
    [
      0,
      4,
      0,
      0,
      0,
      0,
      0,
      3996,
      0,
      0
    ],
    [
      0,
      0,
      27,
      9,
      13,
      0,
      1,
      0,
      3949,
      1
    ],
    [
      0,
      9,
      0,
      42,
      1,
      0,
      0,
      0,
      0,
      3948
    ]
  ],
  "roc_auc_micro": 0.9999381260803248,
  "roc_auc_macro": 0.9998354882193278,
  "pr_auc_micro": 0.9995226297564632,
  "pr_auc_macro": 0.9876430791541448
}