{
  "top_abs_corr_with_label": {
    "dns_qtype": 0.261045141608591,
    "src_port": 0.2261574169796113,
    "dst_port": 0.15657593727295607,
    "dns_qclass": 0.15011247497829983,
    "src_pkts": 0.1020893293464296,
    "dns_rcode": 0.06672926770717269,
    "http_status_code": 0.04902339994797307,
    "http_request_body_len": 0.012701408887443668,
    "src_ip_bytes": 0.010436130425987861,
    "http_response_body_len": 0.008504125037790905,
    "src_bytes": 0.008343814411064627,
    "dst_bytes": 0.007698175613844714,
    "duration": 0.0036653701839003184,
    "dst_pkts": 0.0031696605080581792,
    "missed_bytes": 0.0027344301148531608,
    "dst_ip_bytes": 0.0007072950361930876
  }
}