{
  "accuracy": 0.9988864934018811,
  "precision_pos": 0.9990379841112215,
  "recall_pos": 0.9995032444347853,
  "f1_pos": 0.9992705601167103,
  "precision_neg": 0.9983975963945919,
  "recall_neg": 0.9969,
  "f1_neg": 0.9976482361771328,
  "confusion_matrix": [
    [
      9969,
      31
    ],
    [
      16,
      32193
    ]
  ],
  "roc_auc": 0.9999939194014096,
  "pr_auc": 0.9999980886052151
}